"Priority","Company","Market","Website","Public email","Public phone","Product match","Why it fits","Recommended opening","Status","Checked"
"A1","Allwood Trading Co. FZE","Sharjah, UAE","https://www.allwoodtrading.com/","supply@allwoodtrading.com","+971 6 524 9010","Film faced plywood; LVL scaffold boards","Website explicitly invites suppliers and already sources Chinese poplar/combi-core panels","Offer an OEM film-faced plywood and LVL supply comparison based on their existing 18 mm and scaffold-board range","Follow-up 1 sent","2026-08-18"
"A2","Ace Timber Trading Co. LLC","Dubai, UAE","https://acetimbertrading.com/","info@acetimbertrading.com","+971 50 515 7731; +971 4 224 9065","Film faced plywood; PP green plywood; commercial plywood","Company states it supplies imported commercial and film-faced plywood to construction and fit-out buyers","Lead with PP green plywood and stable 18 mm film-faced plywood; ask about current core, film weight and reuse target","Follow-up 1 sent","2026-08-18"
"A3","Tawreed Trade","UAE","https://www.tawreedtrade.com/products/","order@tawreed.ae","+971 50 455 1506","Film faced plywood; PP plastic plywood; LVL scaffold boards","Its current range closely matches Yongxiang's construction-panel portfolio","Offer full-hardwood, combi and poplar options plus private-label PP plywood","Follow-up 1 sent","2026-08-18"
"A4","Emirates Trading Enterprises LLC","Ajman, UAE","https://etedubai.com/","rakesh@etedubai.com","+971 50 646 7885","Film faced; commercial; melamine plywood; MDF panels","It carries several of Yongxiang's main categories and appears to be an established panel trader","Start with a mixed-container proposal covering film-faced and commercial plywood","Follow-up 1 sent","2026-08-18"
"A5","TAB Gulf","Dubai, UAE","https://tabgulf.ae/flim/","orders@tabgulf.ae","+971 4 224 9096","Film faced plywood","Publishes detailed core, glue, film-weight, colour and size choices that match factory customization","Ask which 18 mm core and film-weight combinations move fastest, then quote matching options","Follow-up 1 sent","2026-08-18"
"A6","Trade Circle Enterprises LLC","Dubai, UAE","https://tce-group.ae/products/film-faced-marine-plywood-2/","marketing@tce-group.com","+971 55 472 2672","Film faced and marine plywood","Lists China as an existing origin and sells standard 12 mm and 18 mm formwork panels","Offer China-origin 12/18 mm WBP panels with batch inspection and private-label packing","New lead","2026-08-14"
"B1","Duplast General Trading LLC","Ajman, UAE","https://duplastgt.com/products.html","info@duplastgt.com","+971 6 743 3976","Film faced shutter plywood; commercial plywood; formwork accessories","Carries both construction plywood and formwork accessories","Lead with standard shuttering plywood and mixed-container capability","New lead","2026-08-14"
"B2","Sanco Building Materials Trading LLC","Sharjah, UAE","https://sanco.ae/product-category/plywood/","","+971 6 805 2564; +971 54 394 5555","Chinese commercial plywood; film faced plywood","Already stocks China-origin commercial plywood and several film-faced product lines","Use WhatsApp or contact form to ask for the plywood purchasing contact before sending the catalog","New lead","2026-08-14"
"B3","Orgean FZE","Dubai, UAE","https://www.orgean.com/services/scaffolding-trading/","info@orgean.com","+971 58 260 4043","H20 beams; LVL beams; plywood; formwork accessories","Actively promotes LVL H20 beams and plywood to UAE contractors","Send a technical H20/LVL specification sheet first; avoid a general all-products introduction","New lead","2026-08-14"
"B4","Ace Scaffoldings","Abu Dhabi and Dubai, UAE","https://acescaffoldae.com/aluminium-beam/","sales@acescaffolduae.com","+971 2 551 3511; +971 50 617 7346","H20 timber beams","Direct H20 supplier serving major UAE construction markets","Approach only with verified H20 strength, dimensions, coating, end protection and test documentation","New lead","2026-08-14"
"C1","FANERAOPT.KZ","Almaty, Kazakhstan","https://faneraopt.kz/","koltkov@mail.ru","+7 727 386 10 10","Film faced plywood; construction plywood","Plywood is its main product line and the company supplies wholesale buyers from its own warehouse","Ask for its fastest-moving thickness, core and film specifications","Initial email sent","2026-08-18"
"C2","БИРГЕ ГРУПП","Bishkek, Kyrgyzstan","https://birgegroup.kg/","info@birgegroup.kg","+996 990 900 500","Film faced plywood; H20 beams; formwork systems","Major supplier of monolithic-construction materials with a close match to the factory portfolio","Lead with 18 mm film-faced plywood and H20 beam specifications","Initial email sent","2026-08-18"
"C3","CAPITAL TRADING COMPANY LLC","Tashkent, Uzbekistan","https://capital-trading.gl.uz/","rr07051971@gmail.com","+998 97 450 76 66; +998 90 828 17 77","Film faced plywood; waterproof plywood; timber","States that it imports plywood directly from Russia and China and serves wholesale buyers","Ask which China-origin plywood and volume it currently purchases","Initial email sent","2026-08-18"
"C4","Fanerra","Moscow, Russia","https://fanerra.ru/catalog/fanera-kitay","info@fanerra.ru","+7 495 748 03 64","Chinese poplar film faced plywood","Explicitly sells China-origin 2440 x 1220 mm film-faced plywood in 18 and 21 mm","Ask whether it is reviewing new Chinese manufacturers and request target specifications","Initial email sent","2026-08-18"
"C5","СтройЛес","Moscow, Russia","https://www.mosstroyles.ru/catalog/fanera/fanera-laminirovannaya/","mosstroyles@mail.ru","+7 495 258 99 88; +7 495 720 05 74","Chinese poplar film faced plywood","Lists Chinese poplar F/F panels in 18 and 21 mm and sells wholesale and retail","Ask for current 18/21 mm core, film and volume requirements","Initial email sent","2026-08-18"
"D1","Safari Group","Perth, Australia","https://www.safarigroup.com.au/formwork/formply","sales@safarigroup.com.au","+61 8 9455 1144","F17 structural formply; non-structural formply; LVL formwork timber","Major Australian importer and distributor with both certified structural and lower-cost non-structural ranges","Ask first about non-structural formply demand; discuss F17 only if product-specific AS 6669 and AS 2269 documents are verified","Initial email sent","2026-08-20"
"D2","Formply Australia","Australia","https://formplyaustralia.com.au/about/","info@formplyaustralia.com.au","1800 367 675","F17 Class 2 structural formply; LVL timber","Specialist formwork wholesaler that states it is continually reviewing new products","Contact only after confirming product-specific AS/NZS and FSC documentation; request its supplier qualification requirements","Initial email sent","2026-08-20"
"D3","Nassguard Trading","Dammam, Saudi Arabia","https://nassguard.sa/product/film-faced-plywood-in-jeddah/","hello@nassguard.sa","+966 54 173 5775","Brown and black film faced plywood; phenolic plywood; wood panels","Supplies 12/15/18 mm film-faced plywood for shuttering and concrete formwork across Saudi regions","Ask for current 18 mm core, film colour, film weight and monthly stock requirement","Initial email sent","2026-08-20"
"D4","Yaqoot Arabia Trading Company (Yatco Gulf)","Dammam, Saudi Arabia","https://www.yatcogulf.com/film-faced-plywood-supplier-in-saudi-arabia.php","sales@yatcogulf.com","+966 57 044 0657","Film faced plywood for formwork and shuttering","Explicitly supplies film-faced sheets in bulk to contractors and developers across Saudi Arabia","Offer 18 mm poplar/combi/hardwood options and ask for target core, film and reuse requirement","Initial email sent","2026-08-20"
"D5","Saplings Timber Trading","Cape Town, South Africa","https://www.saplings.co.za/boards-film-face","info@saplings.co.za","+27 21 931 2663","Chinese and Brazilian film face plywood; anti-slip plywood","Wholesale importer already sells Chinese 2440 x 1220 mm film-faced plywood in 18 and 21 mm","Ask which Chinese 18/21 mm species, core and brand specification it currently stocks","Initial email sent","2026-08-20"
"D6","Marine Boards Kenya","Nairobi, Kenya","https://marineboards.co.ke/contact.html","info@marineboards.co.ke","+254 745 111 039","Marine boards; plywood; OSB; blockboard; MDF; particleboard","Engineered-panel specialist with a broad range matching several Linstar product categories","Lead with 18 mm marine/formwork plywood, then ask which panel categories it imports directly","Initial email sent","2026-08-20"
"D7","Kamowood Limited","Accra, Ghana","https://kamowoodltd.com/marine-plywood/","bachar@kamowoodltd.com","+233 57 762 0000; +233 50 420 2080","18 mm marine plywood; wood panels","Stocks several branded brown, black and red 1220 x 2440 x 18 mm marine plywood lines","Ask for core, glue, surface and monthly volume of its fastest-moving 18 mm board","Initial email sent","2026-08-20"
"D8","Feranliz Wood Limited","Lagos, Nigeria","https://feranlizwood.com/building-materials/","sales@feranlizwood.com","+234 806 616 1426","H20 timber beams; marine plywood; formwork equipment","Supplies trade quantities of H20 beams and 17/18/20 mm marine boards to contractors nationwide","Lead with H20 lengths and 18 mm formwork plywood; request current technical and volume requirements","Initial email sent","2026-08-20"
"E1","MEGA Oman","Salalah, Oman","https://www.megaoman.com/building-materials/","info@mega-oman.com","+968 2321 2714","China-origin film faced plywood; commercial plywood; MDF","Wholesaler listing China-origin film-faced plywood from 9 to 25 mm and several other panel categories","Ask for its fastest-moving China-origin thickness, core, film and monthly volume","Initial email sent","2026-08-21"
"E2","Sterling General Trading Co LLC (SGT Oman)","Sohar, Oman","https://sgtoman.com/single_product/test-product/","info@sgtoman.com","+968 9236 3598; +968 9949 3573","Film faced plywood; construction materials","Importer of materials from Europe and Asia with a dedicated film-faced plywood product line","Ask for current formwork-panel origin, core, film and stock requirements","Initial email sent","2026-08-21"
"E3","Globtek Trading & Services","Doha, Qatar","https://globtekqatar.com/building-materials/","sales@globtekqatar.com","+974 4466 1544; +974 3003 9962","Film faced plywood; decorative plywood; timber","Building-material supplier with dedicated film-faced and decorative plywood categories","Offer film-faced and decorative panel options and ask which category it imports directly","Initial email sent","2026-08-21"
"E4","Fame International","Doha, Qatar","https://fameholding.com/civil.html","info@fameholding.com","+974 4411 7001; +974 3311 1597","Film faced plywood; construction plywood; MDF; hardwood","Supplies commercial construction projects with plywood, MDF and other civil materials","Lead with 18 mm formwork plywood and mixed-panel container capability","Initial email sent","2026-08-21"
"E5","Atlal Al-Khaleej Trading & Decoration Co.","Doha, Qatar","https://www.atlalkhaleej.com/products","atlal.alkhaleej.local@gmail.com","+974 4460 2068","Plywood; blockboard; MDF; solid timber","Established local building-material dealer with a dedicated wood-product division","Ask which plywood, blockboard and MDF specifications it currently sources from Asia","Initial email sent","2026-08-21"
"E6","Atlas Commercial Co. (Kuwait) W.L.L.","Kuwait","https://www.atlaskuwait.com/","atlas@atlaskuwait.com","+965 2208 6600","Film faced plywood; WBP plywood; commercial plywood; MDF; blockboard","Importer, primary stockist and distributor of timber and panel products for construction and joinery","Ask for current film-faced/WBP core, thickness and private-label stock requirements","Initial email sent","2026-08-21"
"E7","Alphaline Enterprises W.L.L.","Manama, Bahrain","https://www.alphalineenterprises.com/","customercare@alphalineenterprises.com","","Chinese and Malaysian film faced plywood; wood products","Small globally sourcing trader that explicitly carries Chinese film-faced plywood for contractors","Ask for current Chinese panel specification and whether it reviews new factory partners","Initial email sent","2026-08-21"
"E8","Tominna Trading W.L.L.","Manama, Bahrain","https://www.tominnawll.com/","info@tominnawll.com","+973 1725 3511","Film faced plywood; construction materials","Building-material importer and wholesaler with recorded film-faced shuttering plywood activity","Ask for current 18 mm shuttering specification, target price level and order volume","Initial email sent","2026-08-21"
"F1","Trade Forest Peru","Lima, Peru","https://www.tradeforestperu.com/","ventas@tradeforestperu.com","+51 922 526 929","Imported double-film phenolic plywood; imported plywood; OSB","Direct importer that explicitly stocks China-origin panels and several double-film phenolic brands","Ask for the 18 mm core, film weight and monthly volume of its main imported brand","Initial email sent","2026-09-02"
"F2","CASSAFORMA Proyectos","Lima, Peru","https://cassaformaproyectos.com/","cprada@cassaformaproyectos.com","+51 997 690 178; +51 989 067 900","18 mm phenolic panels; H20 beams; formwork systems","Formwork specialist supplying 18 mm panels, H20 beams, props and scaffolding throughout Peru","Lead with a combined 18 mm film-faced plywood and H20 beam proposal","Initial email sent","2026-09-02"
"F3","Naturex Company S.A.C.","Lima, Peru","https://naturexcompany.com/productos/","contacto@naturexcompany.com","+51 905 460 972","Film-faced phenolic plywood; pine plywood; finger-joint panels; HDF door skins","Stocks several product categories matching Linstar's construction and furniture-panel ranges","Ask which phenolic plywood and finger-joint panel specifications it imports","Initial email sent to alternate","2026-09-02"
"F4","Hepta Chile","Santiago, Chile","https://heptachile.cl/categoria-producto/terciados/fenolicos/","contacto@heptachile.cl","+56 9 4086 0010","18 mm phenolic formwork plywood; 120 gsm film; formwork accessories","Direct importer selling phenolic panels by closed pallet to contractors and subcontractors","Ask for its target 18 mm construction, film weight, pallet quantity and performance requirement","Initial email sent","2026-09-02"
"F5","Los Teques S.A.","Costa Rica","https://tequescr.com/tableros-de-contrachapado","ventas@tequescr.com","+506 2440 6714; +506 8310 8778","12/15/18 mm phenolic plywood for concrete formwork","Specialist supplier of formwork materials with a clearly defined coated-plywood thickness range","Ask which thickness, core and film surface currently sells fastest","Initial email sent","2026-09-02"
"F6","MB-Triplay","Guadalajara and Queretaro, Mexico","https://www.mbtriplay.mx/","ventas@mbtriplay.mx","+52 333 833 3276; +52 442 210 1217","Plywood; MDF; melamine; concrete-form plywood","Direct importer sourcing from China and other countries with two regional distribution centers","Offer construction and furniture panels and ask which China-origin categories it is reviewing","Initial email sent","2026-09-02"
"F7","Triplay Maya S.A. de C.V.","Mexico City, Mexico","https://www.triplaymaya.com.mx/","ventas@triplaymaya.com.mx","+52 55 5820 468","Imported plywood; wood; particleboard; fibreboard","Direct importer sourcing wood products from Asia, South America and the United States","Ask for current Asian plywood construction, size and monthly purchasing requirement","Initial email sent","2026-09-02"
"F8","Triplay y Maderas Grupo San Juan","Queretaro, Mexico","https://www.triplaymaderasjr.com.mx/","ventas@triplaymaderasjr.com.mx","+52 427 197 8012","Film-faced phenolic plywood; MDO; form plywood; MDF","Construction-wood distributor with dedicated sales for film-face, MDO and formwork plywood","Ask for its main film-face/MDO thickness, surface and volume requirements","Initial email sent","2026-09-02"
"G1","ARMADA Roofing and Facade","Karaganda, Kazakhstan","https://armadacorp.kz/g4101252-laminirovannaya-fanera","armadacorp.kz@gmail.com","+7 702 850 43 43; +7 700 328 77 16","Film faced plywood for formwork; construction materials","Established construction-material seller with several film-faced plywood thicknesses in stock","Ask which thickness, core and film weight it plans to replenish","Initial email sent","2026-09-02"
"G2","1 Opalubka","Kazakhstan","https://1opalubka.kz/fanera-laminirovannaja","opalubka.info@gmail.com","+7 707 735 71 60","Film faced plywood; formwork systems","Specialist formwork supplier with a dedicated film-faced plywood product line and local warehouse","Offer a factory-direct comparison for its current formwork-panel range","Initial email sent","2026-09-02"
"G3","Steelchem","Tashkent, Uzbekistan","https://steelchem.uz/fanera-laminirovannaya-dlya-opalubki/","sales@steelchem.uz","+998 71 208 80 85","Film faced plywood in 6.5-30 mm; construction materials","Lists a broad range of film-faced plywood thicknesses for formwork in Tashkent","Ask which thicknesses and surface grades it imports most regularly","Initial email sent","2026-09-02"
"G4","RMB METWOOD","Tashkent, Uzbekistan","https://rmbmetwood.uz/","rmbmetwood@gmail.com","+998 95 140 11 88","Film faced plywood; H20 beams; formwork systems","Formwork manufacturer and supplier offering film-faced plywood and H20 beams throughout Uzbekistan","Lead with a combined plywood and H20 beam supply proposal","Initial email sent","2026-09-02"
"G5","BVB-Alliance Kyrgyzstan","Bishkek, Kyrgyzstan","https://bvbalyans.kg/metallCatalog/3384/laminirovannaja_fanera_dlja_opalubki/","info@bvbalyans.kg","+996 312 962 366; +996 312 962 643","Wholesale film faced plywood for formwork","Wholesale supplier whose Bishkek page directly invites plywood supply enquiries","Ask for its priority thickness, sheet size and purchasing volume","Initial email sent","2026-09-02"
"G6","BARSO","Bishkek, Kyrgyzstan","https://barso.kg/product-category/fanera/","barsopro@gmail.com","+996 509 555777","Birch film faced plywood; panel formwork","Local formwork supplier with a dedicated film-faced plywood category","Ask whether it is evaluating alternative cores and private-label supply","Initial email sent","2026-09-02"
"G7","Tozon LLC","Dushanbe, Tajikistan","https://tozon.tj/","tozonshop@gmail.com","+992 92 948 5050","Film faced plywood; OSB; chipboard; timber","Local building-material retailer with dedicated formwork plywood and wood-panel categories","Ask which film-faced plywood sizes and panel categories need replenishment","Retried after SPF/DKIM/DMARC setup; SMTP accepted","2026-09-02"
"G8","Ynamdar Tajir","Ashgabat, Turkmenistan","https://ynamdar-tajir.com/shop/products/film_faced_plywood_sunnyplex_16mm","info@ynamdar-tajir.com","+993 64 19 22 29; +993 63 48 11 77","16 mm film faced plywood; building materials","Turkmenistan supplier offering film-faced plywood with nationwide delivery","Ask about demand for 16 mm versus 18 mm panels and required core/film specification","Initial email sent","2026-09-02"
